{"recall": 0.025164769322947873, "f1": 0.04772727272727273, "precision": 0.46153846153846156, "accuracy": 0.9303234389290762, "params": {}, "model": "NB"}